ID,GENERO,EDAD,EDU,SENSA.SUELDO,DIARIO,TV,ROBO5.A,SEGURO.NOCHE,RELIGION,MINORIA,INM.RICOS,INM.POBRES,D.ECO,CRIMEN,INM.LARGO,TENSION
5,1,38,3,3,1,4,2,2,0,2,2,1,4,2,3,5
8,1,20,2,2,0,3,2,4,0,2,2,2,3,3,5,4
71,1,48,3,1,1,3,2,2,3,2,2,3,2,3,7,3
72,1,46,5,1,1,3,2,2,3,2,3,3,2,2,5,2
74,1,40,3,1,1,2,2,2,4,2,1,1,3,1,7,4
75,1,39,3,1,1,3,2,2,1,2,2,2,2,4,5,3
91,1,44,3,1,2,3,1,2,0,2,1,3,2,4,3,3
94,2,28,3,1,0,1,2,2,1,2,1,1,4,1,0,5
96,2,27,5,1,0,1,1,3,5,2,1,1,4,1,1,5
97,2,50,1,2,1,0,2,3,7,2,2,2,2,1,1,5
98,1,80,1,3,1,1,2,2,1,2,2,2,3,1,4,5
101,1,76,1,1,1,3,2,2,3,2,2,2,3,1,5,5
103,1,46,3,2,1,2,2,3,3,2,3,3,2,1,1,2
111,1,62,1,1,0,2,1,4,3,2,2,2,2,1,1,5
122,1,36,2,1,1,2,2,2,2,2,3,3,2,3,6,2
127,1,37,3,1,1,1,1,2,6,2,1,1,3,2,7,5
128,2,74,1,1,0,3,2,2,8,2,3,3,1,1,1,3
130,1,57,1,2,2,2,2,3,2,2,3,3,4,1,3,4
150,1,24,5,1,1,2,2,2,0,2,1,1,2,5,2,3
165,1,82,1,3,2,3,1,2,10,2,3,3,1,1,2,4
179,2,31,5,1,1,2,2,2,2,2,1,1,2,3,5,3
196,1,49,5,2,1,3,2,2,3,2,2,3,3,2,5,4
208,2,64,1,3,1,1,1,3,9,2,2,2,2,2,7,2
209,1,70,3,3,1,1,2,2,5,2,3,3,2,2,6,3
214,2,35,5,1,2,1,2,2,4,2,2,2,2,2,5,4
223,1,32,4,1,1,2,2,2,5,2,1,1,3,3,8,3
243,2,19,3,2,1,1,1,3,0,2,1,1,4,4,6,4
261,1,74,5,1,4,3,2,1,8,2,2,2,4,3,7,4
273,2,39,3,2,1,1,2,1,6,2,3,2,2,3,5,2
277,2,33,3,2,2,3,1,2,5,2,3,3,1,1,10,1
290,1,24,3,2,1,2,2,1,5,2,1,1,2,1,3,4
300,1,53,5,1,1,5,2,1,8,2,4,2,4,2,2,2
310,2,17,3,1,1,1,2,1,7,2,3,3,4,3,5,3
315,1,33,2,1,0,1,2,1,3,2,2,3,2,2,6,3
352,2,25,3,3,1,1,1,2,4,2,4,2,2,3,8,3
354,2,46,3,3,1,2,2,2,7,2,1,1,4,4,7,4
355,1,44,3,3,1,5,2,2,0,2,1,1,4,4,6,4
365,1,86,4,2,1,7,1,4,0,2,2,4,4,1,1,5
387,1,24,3,3,1,7,2,1,6,2,2,2,1,1,1,3
396,2,45,2,2,0,3,2,2,0,2,1,1,3,3,5,3
400,1,25,2,2,2,1,2,2,4,2,1,1,5,5,5,5
408,2,36,3,2,1,5,2,2,3,2,2,2,3,5,7,5
412,1,45,3,4,2,7,2,2,4,2,3,3,3,5,7,5
415,1,32,3,1,1,5,2,2,7,2,2,2,5,3,5,2
426,2,71,1,2,2,7,2,4,10,2,1,3,2,1,8,1
428,1,38,5,2,2,2,2,2,0,2,1,1,4,5,5,5
429,2,65,1,2,2,4,2,2,5,2,1,3,2,3,8,4
435,1,31,4,3,1,1,2,2,0,2,2,2,4,4,3,4
442,1,28,1,4,1,2,2,2,10,1,1,1,5,2,9,5
448,1,42,1,2,0,1,2,1,3,2,2,2,2,1,4,4
452,1,31,3,2,2,2,2,3,3,2,2,2,2,4,6,4
453,1,16,2,2,0,1,2,1,5,2,3,3,2,2,5,2
462,2,29,5,3,1,1,2,2,0,2,1,1,5,5,5,5
471,1,72,1,1,4,2,2,2,7,2,4,4,2,1,1,1
472,1,70,1,1,3,1,1,4,5,2,2,2,2,4,5,2
475,2,19,3,2,1,3,2,3,2,2,2,2,2,3,3,4
476,1,56,2,3,1,2,2,2,0,2,1,1,2,3,3,4
478,1,30,5,1,3,2,2,2,0,2,1,1,3,4,5,5
483,1,38,2,3,0,2,1,3,1,2,3,3,4,3,2,4
486,2,38,5,1,1,2,2,2,6,2,1,1,2,3,0,4
489,1,41,5,1,1,2,1,2,0,2,3,3,3,4,0,4
493,2,52,2,3,1,2,2,3,3,2,2,2,2,3,5,4
498,1,27,5,2,1,1,1,3,2,2,1,1,2,4,6,4
499,1,46,3,2,1,3,2,2,3,2,1,2,2,3,5,4
502,2,41,2,1,1,1,1,2,2,2,1,1,2,3,8,5
519,1,58,3,1,1,3,2,2,5,2,3,3,3,2,4,3
521,2,71,5,3,2,1,1,1,8,2,2,2,2,2,3,4
522,1,33,5,1,2,2,2,2,7,2,1,1,3,4,5,4
523,2,85,5,1,2,1,2,1,5,2,3,3,4,2,7,4
527,2,55,5,1,2,4,1,3,7,2,1,1,2,4,4,4
532,2,37,5,2,1,2,1,3,1,2,1,1,4,5,7,4
539,2,70,2,3,1,6,2,4,8,2,4,3,2,2,2,4
540,2,41,2,4,1,2,1,2,5,1,3,1,2,3,2,4
541,2,39,5,2,1,1,2,3,2,2,1,1,2,4,7,4
542,1,50,5,1,1,5,2,2,4,2,1,1,4,4,7,4
545,1,29,3,2,1,2,2,2,2,2,2,4,1,1,2,1
547,2,46,5,2,1,2,2,2,2,2,2,2,2,4,7,4
548,1,44,3,2,1,1,1,2,2,2,1,1,2,4,8,5
551,1,42,5,2,2,1,2,2,2,2,1,1,4,4,7,4
552,2,54,5,2,1,2,1,2,3,2,2,2,2,4,6,4
553,2,62,2,2,1,1,2,3,3,2,2,2,2,4,6,4
556,2,52,2,2,1,2,2,2,3,2,2,2,2,4,6,4
561,1,49,5,1,1,2,2,3,2,2,1,1,2,4,7,4
568,2,52,1,2,0,2,1,2,2,2,2,4,1,4,2,5
573,2,55,1,3,0,3,2,3,4,2,3,3,3,3,4,2
577,2,63,3,1,1,5,1,3,4,2,2,2,1,2,2,3
582,2,68,1,2,1,6,2,2,7,2,2,2,1,1,0,1
583,2,72,1,2,6,3,2,2,6,1,3,2,2,1,2,3
588,2,76,1,2,1,3,2,3,8,2,2,2,2,1,9,4
592,2,45,3,2,1,1,2,2,5,2,3,3,2,3,3,4
595,1,17,3,2,0,0,2,2,0,2,1,2,2,4,3,5
597,1,56,3,1,5,2,2,1,8,2,3,3,1,4,1,5
598,1,72,1,4,5,4,1,3,10,2,3,3,1,1,8,4
603,2,15,2,2,1,0,2,2,5,2,1,1,3,3,5,3
604,2,53,1,3,0,4,2,2,1,2,4,4,2,3,4,2
610,1,54,1,2,1,3,1,2,9,2,2,3,2,2,4,3
613,2,60,3,2,7,3,1,2,8,2,3,4,2,1,8,1
617,2,46,4,2,1,2,1,2,0,2,2,2,2,4,6,5
620,1,46,2,2,1,2,1,2,1,2,2,2,3,2,4,3
621,2,48,4,2,2,2,2,3,3,2,2,2,4,4,7,4
622,1,67,3,2,1,4,1,2,5,2,1,3,1,1,8,4
626,2,35,5,2,1,3,1,3,2,2,3,3,2,3,5,4
630,2,44,5,2,1,1,1,3,5,2,2,2,2,4,7,4
632,2,42,3,1,1,2,2,3,5,2,2,2,2,4,6,4
636,2,54,5,2,1,1,1,3,3,2,2,2,2,4,6,4
637,2,39,5,1,1,2,2,2,7,2,2,2,4,2,5,4
638,1,16,3,1,1,3,1,2,0,2,2,2,3,4,3,4
640,2,23,5,2,1,1,2,1,0,2,1,1,4,2,6,4
643,1,59,1,2,2,4,2,2,0,2,3,2,5,4,8,5
645,1,52,4,2,1,1,2,1,2,2,2,2,2,5,8,5
646,1,46,3,2,1,2,2,2,3,2,2,2,1,1,5,3
647,1,65,1,2,1,3,2,3,2,2,2,2,1,4,8,4
648,2,42,3,3,1,2,2,3,5,2,1,4,1,4,5,3
650,1,57,3,2,2,3,1,4,3,2,2,2,4,4,8,2
658,1,67,5,1,1,3,2,3,7,2,2,2,2,2,8,2
659,1,44,2,3,0,1,2,2,2,2,4,4,2,2,5,2
660,2,47,2,2,1,3,1,2,3,2,1,1,2,3,5,3
662,1,79,3,2,2,3,2,2,4,2,3,3,2,3,5,3
663,1,32,4,2,1,1,2,2,0,2,2,2,3,4,4,4
664,2,37,3,2,2,1,2,2,4,2,3,3,2,3,4,2
666,2,30,3,1,0,1,1,1,8,2,2,2,4,4,8,4
667,1,46,3,2,1,2,2,1,7,2,3,3,4,4,4,2
675,2,26,3,2,1,1,2,2,2,2,2,2,4,3,2,4
686,1,41,5,2,1,5,2,2,0,2,2,2,4,4,10,5
694,1,30,4,2,1,5,2,2,6,2,3,2,2,2,2,5
701,1,15,2,2,1,1,2,2,0,2,2,2,5,5,8,1
703,2,36,5,3,3,2,2,2,3,2,3,3,3,2,4,3
705,1,56,1,2,1,2,1,3,6,2,4,3,2,1,4,2
706,1,17,3,1,1,3,1,3,3,2,1,1,3,4,4,5
723,1,24,3,1,1,2,2,2,6,2,3,2,2,3,4,3
739,1,71,1,2,3,2,2,4,0,1,4,4,2,1,8,2
741,1,73,5,1,2,4,2,2,4,2,2,2,2,1,6,5
742,2,26,5,3,1,2,2,2,4,2,3,3,3,4,4,4
749,2,56,4,2,0,1,2,2,8,2,3,3,2,3,2,4
758,1,69,3,2,2,2,2,2,7,2,3,3,2,3,4,4
760,2,69,1,2,1,2,2,4,7,2,4,3,2,4,9,2
761,2,22,4,2,1,1,1,2,7,2,3,3,2,2,7,2
764,1,45,3,1,2,3,1,2,3,2,2,2,2,3,3,3
765,1,28,3,3,1,1,1,2,0,2,2,3,5,1,0,5
766,1,45,3,1,3,4,2,3,5,2,2,2,3,2,5,4
768,1,42,3,2,1,2,2,2,2,2,2,2,2,2,5,4
772,2,47,1,2,1,2,1,2,8,2,2,2,2,5,0,5
775,1,53,1,3,0,3,2,2,2,2,3,2,5,4,2,5
780,1,52,1,3,2,6,1,3,7,2,3,3,1,1,10,4
782,1,37,3,2,4,0,2,2,0,1,4,2,1,3,6,3
785,2,54,1,2,1,2,1,3,6,2,3,3,2,1,0,2
789,2,40,1,2,4,2,2,2,0,2,2,2,3,1,1,4
792,1,56,1,2,1,1,2,2,6,2,3,3,2,2,10,4
794,1,60,1,2,1,1,2,1,7,2,1,2,1,1,10,1
795,1,17,2,1,1,1,1,2,0,1,1,1,2,4,2,2
798,1,31,2,2,1,4,2,2,3,2,3,3,1,1,8,1
800,1,36,2,3,1,7,1,2,3,2,3,3,3,3,5,3
801,2,27,1,3,0,1,2,2,3,2,3,3,3,4,4,2
803,1,36,5,2,2,3,2,2,0,2,2,2,1,3,2,4
809,1,44,5,1,1,1,2,3,0,2,2,2,2,2,6,4
812,2,64,3,1,1,1,1,3,0,2,2,2,4,1,4,2
813,1,34,5,1,3,1,2,2,0,2,2,2,2,4,1,4
814,2,59,5,2,1,2,2,4,5,2,3,3,4,2,5,3
817,1,39,5,3,1,2,1,2,7,2,2,2,2,2,7,4
821,1,32,4,2,1,2,1,2,5,2,3,3,1,4,5,3
831,1,51,5,1,3,4,2,3,5,2,1,1,2,4,5,3
844,1,49,5,2,1,2,2,2,0,2,1,1,3,3,5,4
845,1,30,2,1,1,2,2,2,5,2,1,3,4,3,5,2
849,1,65,4,1,1,1,1,2,0,2,1,1,5,3,7,4
850,1,50,5,1,1,3,2,1,5,2,1,1,4,1,4,4
856,1,37,3,1,2,1,2,1,6,2,2,2,4,2,5,2
857,1,31,5,1,2,2,2,1,0,2,2,2,3,2,6,4
859,1,41,2,3,1,3,2,1,4,2,1,1,2,4,8,4
863,2,67,1,2,0,3,1,2,10,2,3,3,2,4,2,3
866,1,22,3,2,0,1,2,2,0,2,1,1,4,4,3,4
868,1,19,2,2,0,0,2,2,1,2,3,3,4,2,2,4
869,2,34,3,2,0,1,2,2,3,2,4,3,3,3,5,2
875,1,44,1,1,0,0,2,4,4,2,3,3,4,2,7,3
877,1,40,3,2,1,1,2,2,5,2,2,2,2,4,4,2
886,2,67,1,2,2,2,2,3,6,2,3,3,2,4,6,4
887,1,54,5,1,1,0,2,1,5,2,2,2,4,4,7,4
907,1,50,2,2,1,5,2,2,2,2,2,2,2,2,4,3
908,2,49,2,3,1,1,2,2,2,2,3,3,1,4,4,2
910,1,63,3,1,3,7,2,1,5,2,3,3,4,4,7,4
925,2,37,3,2,1,3,2,3,3,2,2,2,2,3,4,2
926,2,53,2,3,1,4,2,2,2,2,3,3,2,3,4,2
927,1,23,3,2,2,2,2,2,0,2,1,1,2,3,3,3
928,2,19,3,2,1,4,2,2,2,2,2,2,2,2,4,3
938,2,48,2,2,0,0,1,2,3,2,3,4,2,3,5,2
939,1,30,2,2,0,2,1,3,2,2,1,1,3,3,4,5
941,1,57,1,2,0,2,2,2,7,2,1,1,4,2,3,4
942,1,28,3,2,1,1,2,2,4,2,2,2,3,3,3,3
952,2,49,5,1,1,3,2,2,3,2,3,3,3,2,7,2
957,2,70,5,1,4,2,1,2,8,2,3,3,2,2,3,2
958,2,35,5,1,2,2,2,2,6,2,3,3,2,2,3,2
963,2,47,1,1,2,2,2,1,5,2,2,3,3,2,4,2
974,1,41,4,1,2,1,2,1,8,2,3,3,2,3,5,2
976,1,82,3,2,4,1,2,2,8,2,3,3,2,3,5,2
978,1,18,3,1,1,1,2,2,8,2,3,3,2,2,5,3
979,2,32,2,3,2,2,2,1,8,2,3,3,2,2,5,2
993,2,38,4,2,0,1,2,2,3,2,3,3,2,2,4,2
994,1,67,1,2,1,1,2,2,9,2,3,3,4,2,2,2
996,1,68,1,2,1,2,2,2,8,2,3,3,2,2,2,2
998,1,54,2,1,1,1,2,2,7,2,3,3,3,3,5,2
1024,1,43,2,1,1,4,2,1,8,2,3,2,4,4,3,2
1025,1,39,2,2,1,0,2,1,0,2,1,2,2,2,2,4
1027,1,60,5,2,1,1,2,1,8,2,3,3,4,4,8,4
1028,1,40,5,2,1,1,2,2,4,2,2,2,2,3,7,4
1032,2,38,5,2,1,2,1,3,3,2,3,2,2,4,2,4
1033,1,43,5,1,1,2,2,2,3,2,1,1,4,4,3,4
1035,2,60,5,1,2,4,1,2,5,2,1,1,2,4,0,4
1041,1,75,1,2,0,2,2,2,3,2,2,2,2,3,4,4
1060,1,19,3,2,1,2,2,2,2,2,2,2,2,3,8,2
1063,1,61,5,2,1,1,1,2,4,2,2,2,2,2,7,3
1066,1,44,5,1,1,0,2,2,2,2,2,3,2,3,8,3
1067,2,73,5,1,2,4,2,3,7,2,2,3,3,3,4,2
1106,2,60,2,2,1,2,2,2,9,2,1,1,4,4,2,5
1107,2,40,5,3,1,2,1,1,8,2,1,1,5,5,1,5
1109,2,36,3,2,1,2,2,2,5,2,1,1,4,4,7,5
1116,1,25,2,3,0,0,2,3,0,2,1,1,3,4,2,4
1144,1,71,1,2,2,2,2,2,3,2,1,1,3,2,5,2
1150,1,68,1,2,1,2,2,1,6,2,1,1,4,2,5,5
1161,2,37,5,3,1,2,2,1,3,2,4,4,5,1,0,1
1177,2,38,2,1,2,2,2,2,5,2,1,1,3,2,7,3
1183,1,28,3,1,0,5,2,2,1,2,4,4,4,1,2,2
1185,1,81,5,2,1,4,2,2,8,2,2,3,3,1,8,3
1189,2,20,5,2,0,1,2,4,1,2,3,3,2,2,4,4
1194,1,71,1,3,0,3,2,1,10,2,2,3,1,1,3,1
1209,1,20,3,1,0,1,2,1,6,2,3,3,2,1,4,3
1213,1,82,1,2,1,1,2,1,1,2,1,1,4,1,2,2
1224,2,57,1,1,1,1,2,1,8,2,1,2,3,1,5,4
1237,1,56,3,1,1,3,1,3,5,2,1,1,4,3,7,4
1240,1,34,2,3,1,3,1,4,7,2,1,1,2,4,1,5
1249,1,22,3,2,1,2,1,2,6,2,2,2,3,3,7,3
1253,2,32,3,3,1,3,1,3,3,2,3,3,2,3,3,3
1258,1,19,3,1,1,1,2,1,4,2,1,1,4,4,5,4
1261,2,52,5,2,1,3,1,2,9,2,3,1,3,3,5,4
1264,1,62,5,2,1,1,2,2,7,2,3,3,2,4,7,4
1269,2,28,5,1,1,2,1,3,2,2,1,1,3,4,3,4
1280,1,42,1,1,1,1,2,1,1,2,1,3,1,1,5,4
1283,1,57,1,1,1,1,2,2,8,2,2,2,2,2,6,2
1286,1,29,2,2,0,2,1,3,6,2,3,3,4,3,5,4
1293,1,52,1,1,1,3,2,2,6,2,1,1,2,2,5,2
1316,2,25,5,2,2,2,2,2,6,2,3,3,4,3,5,4
1320,1,70,5,1,2,2,2,2,7,2,3,3,3,4,5,4
1322,2,56,1,1,2,2,2,3,9,2,2,3,3,3,5,4
1325,2,37,5,2,2,2,2,2,1,2,3,3,4,3,5,4
1326,1,38,4,1,1,3,2,2,5,2,2,3,4,3,5,3
1327,2,48,2,1,1,2,2,2,1,2,2,3,2,3,5,5
1330,1,63,5,1,1,2,2,2,7,2,2,3,4,3,5,4
1331,2,48,2,1,2,1,2,3,10,2,2,3,4,2,5,4
1335,2,46,5,2,2,1,1,2,5,2,3,3,2,4,3,4
1336,2,26,5,1,2,2,2,2,5,2,3,3,2,3,5,4
1349,1,18,3,1,2,1,2,1,5,2,4,3,2,3,5,2
1350,1,46,3,2,2,3,2,2,6,2,3,2,1,5,6,3
1352,1,26,4,1,1,1,1,1,3,2,3,3,3,3,1,3
1355,2,31,4,2,1,2,2,2,3,2,3,3,2,4,1,2
1361,2,39,2,2,0,2,2,1,7,2,4,2,2,4,9,4
1366,2,42,1,1,2,1,2,1,8,2,4,3,2,3,8,4
1371,2,53,5,2,1,2,2,3,9,2,2,3,3,3,8,4
1375,1,55,3,2,2,2,1,1,5,2,2,2,3,3,5,3
1376,2,30,5,2,1,1,2,3,6,2,3,3,4,3,5,4
1377,2,35,4,1,1,1,2,1,6,2,3,3,3,3,5,3
1378,2,57,3,2,3,3,1,1,10,2,3,3,2,4,5,4
1380,2,27,4,1,0,2,2,2,5,2,3,4,2,2,5,2
1399,1,21,4,1,1,1,2,2,4,2,1,1,2,4,7,4
1404,1,21,3,3,1,1,2,1,5,2,4,2,1,4,3,3
1411,1,85,5,1,1,3,2,2,9,2,1,1,3,3,4,3
1413,1,73,1,3,2,3,2,1,5,2,3,3,2,2,2,4
1414,1,26,2,3,1,2,2,2,6,2,2,3,1,4,1,1
1417,1,29,5,1,1,1,2,2,4,2,2,2,3,2,7,3
1420,1,25,3,3,1,2,1,1,5,2,2,3,4,2,9,2
1432,2,29,4,2,0,0,2,3,6,2,2,2,2,2,6,2
1434,2,64,2,2,0,4,2,2,5,2,3,3,2,2,6,2
1470,1,24,5,1,1,2,1,3,0,2,3,3,3,2,5,4
1479,2,67,1,2,2,3,2,2,7,2,3,3,4,1,6,4
1492,2,68,1,3,1,2,2,1,6,1,1,1,5,3,0,5
1493,1,51,5,1,2,2,2,1,1,2,1,1,5,5,3,5
1499,1,57,1,2,3,1,2,2,1,2,2,2,3,3,5,4
1505,1,44,4,2,2,1,1,2,1,2,2,2,4,4,3,5
1517,2,39,5,2,1,1,1,2,3,2,1,1,4,4,0,4
1522,2,16,2,1,1,1,1,2,3,2,2,1,5,3,5,5
1525,2,35,5,2,1,1,2,1,0,2,2,2,2,3,1,4
1534,1,43,1,3,1,2,2,4,2,2,2,2,5,3,8,5
1547,1,65,1,3,0,2,2,1,2,2,2,2,4,3,7,4
1558,2,29,5,2,2,2,1,1,5,2,3,2,3,5,7,5
1559,2,40,4,2,3,2,2,1,6,2,3,3,4,3,5,3
1594,1,68,1,2,1,1,2,2,5,2,3,3,2,3,2,2
1639,1,58,1,1,1,1,1,1,0,2,3,3,2,1,2,4
1640,1,79,1,2,2,2,2,2,5,2,3,3,3,2,3,4
1653,2,41,3,3,1,3,2,3,3,2,3,3,4,2,4,4
1655,1,52,3,2,2,2,2,2,0,2,2,2,3,3,5,4
1657,1,31,5,2,4,4,2,1,0,2,1,1,4,3,3,4
1662,1,70,5,1,1,2,2,2,8,2,3,3,4,2,5,4
1663,1,75,1,4,1,2,1,3,9,2,1,1,3,3,0,4
1665,2,29,5,2,1,2,2,2,2,2,3,3,3,2,3,4
1666,1,32,3,2,2,3,2,2,3,2,2,3,3,2,3,4
1671,2,39,5,1,1,1,2,1,1,2,2,2,2,1,5,5
1683,1,64,1,2,1,2,2,2,7,2,2,3,2,2,2,3
1705,2,15,3,2,1,6,1,4,5,2,1,1,2,4,5,2
1713,2,35,2,2,2,4,1,3,5,2,2,3,3,4,3,3
1714,2,43,5,1,1,2,2,2,7,2,1,2,2,4,7,3
1726,2,69,1,2,1,3,1,3,6,2,3,3,2,1,1,2
1729,1,67,1,1,1,6,2,2,0,2,3,3,4,1,7,3
1730,1,20,3,1,1,6,1,3,7,1,1,2,3,3,6,4
1753,2,45,3,2,1,2,2,2,0,2,1,1,4,3,5,4
1765,1,18,2,1,1,2,1,3,0,2,2,2,3,3,2,4
1778,1,25,4,2,1,2,1,3,3,2,3,3,3,2,2,3
1780,2,23,5,2,3,2,2,2,0,2,1,1,5,4,7,5
1781,1,42,3,2,1,2,2,2,2,2,1,1,4,4,8,5
1783,2,42,2,2,1,2,1,3,7,2,3,3,1,2,5,3
1784,2,45,2,1,1,1,2,3,8,2,2,2,2,1,7,3
1795,2,49,2,1,1,1,2,2,6,2,3,3,2,1,5,4
1797,2,57,1,1,1,2,1,3,6,2,3,3,4,2,7,4
1799,1,81,1,2,1,4,2,2,2,2,2,2,4,2,6,4
1808,1,45,5,1,1,1,2,4,8,2,3,3,2,1,8,4
1809,2,21,2,2,1,0,2,4,2,2,2,2,5,3,9,5
1815,1,32,3,1,1,3,1,3,2,2,3,3,4,2,6,4
1817,2,23,3,3,1,3,1,2,5,1,2,2,2,3,8,4
1821,2,79,1,1,3,2,2,2,8,2,3,3,4,1,6,4
1827,1,41,2,2,1,1,2,2,3,2,3,3,4,2,7,4
1838,1,44,5,2,1,2,2,3,7,2,2,3,3,1,9,5
1839,1,70,1,2,1,1,2,4,7,2,2,2,3,1,9,5
1840,1,50,1,1,1,2,2,3,5,2,3,3,4,3,5,5
1843,1,42,2,2,0,1,1,2,5,2,4,4,2,1,8,3
1845,2,37,3,3,1,3,1,3,3,2,2,2,2,2,5,3
1847,1,24,5,1,1,1,1,1,1,2,2,2,4,4,2,4
1851,1,39,3,2,1,2,2,3,2,2,2,2,2,2,3,4
1852,1,32,2,2,3,2,2,3,2,2,1,1,2,2,0,2
1854,2,61,1,1,2,2,2,3,7,2,3,2,2,1,3,2
1856,1,65,1,2,1,3,2,3,4,2,2,2,2,3,7,4
1859,2,42,3,1,2,3,1,2,7,2,3,1,3,2,3,4
1861,2,28,3,2,1,2,2,2,9,2,4,1,4,2,5,4
1883,1,22,5,2,0,4,2,1,2,2,3,3,5,3,6,5
1887,2,22,5,1,2,2,2,2,0,2,1,1,5,4,7,3
1892,2,36,4,2,1,1,2,3,5,2,1,1,3,3,7,5
1893,2,80,1,2,1,3,2,4,6,2,3,3,1,1,8,2
1896,2,43,4,2,1,2,2,4,7,2,3,3,2,1,1,5
1898,1,78,3,4,3,4,1,4,4,2,1,2,3,1,5,5
1900,1,60,5,1,2,1,2,2,0,2,2,2,2,2,8,4
1909,2,32,5,2,1,2,1,3,5,2,2,2,2,1,4,5
1911,2,72,3,1,4,3,2,2,7,2,2,2,5,5,8,3
1916,2,56,3,1,2,7,2,3,3,2,2,1,2,1,8,5
1918,1,23,3,2,1,2,2,1,0,2,2,2,3,4,6,5
1926,2,34,5,2,2,2,2,1,9,2,1,1,4,4,1,4
1927,2,37,2,3,2,6,2,3,5,2,3,3,2,2,4,4
1942,1,53,5,1,2,2,2,2,1,1,1,1,4,5,7,5
1955,2,59,5,4,2,2,2,4,4,2,3,3,1,1,2,4
1962,1,36,5,1,1,2,2,2,7,2,3,3,2,2,3,1
1970,1,30,4,2,1,2,2,2,7,2,3,3,2,2,4,1
1985,2,73,3,2,3,3,1,4,0,2,4,4,4,1,8,1
1991,1,70,5,2,1,2,1,3,6,2,2,2,4,1,9,4
1993,1,29,5,2,1,1,2,1,0,2,1,1,2,3,9,5
1995,1,34,3,2,0,2,1,2,4,2,3,3,3,3,7,3
1998,2,39,4,2,2,2,2,3,3,2,3,3,2,1,2,3
2002,2,65,3,1,1,2,1,3,6,2,3,3,4,3,7,3
2009,2,33,5,1,2,1,1,3,3,2,3,3,3,1,7,3
2010,1,69,2,3,1,2,1,3,2,2,3,3,3,3,6,3
2042,1,33,3,2,1,5,2,2,0,2,1,1,5,4,8,5
2055,2,20,3,1,2,1,1,3,0,2,2,1,4,4,3,4
2056,1,59,1,2,2,2,2,3,6,2,3,3,3,1,4,1
2057,2,34,1,3,0,1,1,3,4,2,4,1,2,2,2,2
2060,1,48,1,2,2,3,2,3,0,2,3,3,2,3,9,2
2063,1,57,1,3,1,6,2,2,5,2,2,3,2,2,1,2
2064,1,29,1,4,1,1,2,3,3,1,3,3,2,4,10,2
2066,1,60,1,2,1,2,2,2,5,2,4,4,2,2,7,2
2067,1,71,1,3,2,4,2,2,6,2,3,2,2,2,7,4
2075,2,36,5,1,1,2,2,2,6,2,3,3,1,2,0,2
2083,1,20,2,2,0,2,1,2,5,2,2,2,2,2,8,2
2090,2,44,1,3,1,3,2,4,0,2,3,1,2,4,0,4
2101,2,65,2,3,5,2,2,3,6,2,3,3,1,1,8,3
2112,1,68,2,2,3,5,2,4,4,2,2,2,5,1,8,5
2122,1,42,3,3,1,2,2,3,0,2,1,1,1,1,8,3
2131,1,23,3,2,1,1,1,3,0,2,2,2,2,2,5,4
2132,1,26,5,2,2,2,1,2,0,2,2,3,3,2,5,3
2134,1,52,3,1,1,2,1,3,4,2,3,3,4,4,5,4
2138,2,67,3,1,1,3,2,2,0,2,2,2,2,2,7,3
2149,1,42,5,1,3,2,2,2,7,2,3,2,4,2,5,2
2163,2,27,3,1,1,3,2,4,0,2,1,1,1,1,8,5
2169,2,59,1,3,2,1,1,2,7,2,2,2,1,1,9,3
2175,2,40,5,1,1,3,1,1,0,2,1,1,3,2,9,5
2188,2,79,1,3,2,2,2,4,8,2,1,3,1,1,8,2
2191,2,24,4,2,1,2,2,2,5,2,1,1,4,1,7,5
2200,1,83,1,2,1,3,2,2,5,2,3,3,4,2,6,4
2220,1,37,2,1,2,1,2,1,3,2,3,3,2,1,9,3
2225,1,24,2,1,1,2,2,2,3,2,3,3,2,4,8,3
2229,1,42,2,2,1,1,2,2,5,2,3,3,2,3,7,4
2230,2,45,1,2,2,4,1,3,3,2,3,3,2,2,7,4
2232,2,61,1,2,2,4,1,3,4,2,4,3,2,2,3,2
2238,1,48,3,2,1,3,1,3,1,2,1,1,2,5,7,4
2240,1,30,4,1,1,0,1,2,2,2,3,3,5,1,3,4
2244,2,27,3,1,0,0,1,2,1,2,3,3,3,2,3,5
2245,1,75,1,2,7,4,2,2,4,2,2,2,3,1,7,4
2247,2,20,5,1,1,1,2,2,3,2,2,2,4,2,7,5
2250,1,31,5,1,1,2,1,2,4,2,3,3,4,1,7,4
2252,1,35,5,1,1,2,2,2,5,2,2,2,4,2,7,5
2258,2,17,3,1,1,2,1,2,2,1,2,2,4,4,8,5
2265,1,46,4,2,3,2,1,3,2,2,3,3,4,2,7,4
2267,2,42,3,2,1,2,2,2,4,2,3,3,4,3,6,4
2274,1,48,5,1,3,2,1,3,3,2,3,3,4,2,6,5
2289,2,30,3,1,0,3,1,2,2,2,3,3,3,1,5,2
2295,1,60,1,3,0,4,2,3,1,2,2,2,4,4,6,5
2305,1,60,5,1,1,2,2,2,4,2,1,4,4,3,5,4
2307,2,35,5,2,1,2,2,2,3,2,1,4,2,1,5,2
2309,1,35,3,2,2,5,2,2,3,2,1,4,2,1,5,3
2313,2,40,4,1,1,2,2,3,5,2,1,4,2,1,8,3
2315,1,60,5,1,2,2,1,2,4,2,2,4,2,1,7,2
2316,2,49,5,2,1,2,2,2,4,2,2,4,2,1,5,3
2319,1,48,3,2,1,4,2,3,5,2,1,2,2,3,3,3
2336,2,46,2,2,1,2,2,2,2,2,2,3,3,1,0,2
2342,1,65,2,4,1,3,1,2,5,2,1,2,3,2,7,3
2344,2,52,1,1,1,2,2,3,6,2,3,3,2,1,6,2
2346,1,53,3,2,2,7,2,2,5,2,1,1,5,5,7,5
2352,1,37,2,1,2,3,2,2,5,2,3,3,4,3,4,3
2354,2,50,2,3,0,0,2,2,8,2,3,3,4,5,5,5
2358,1,50,2,3,2,4,2,3,3,2,3,3,2,3,5,5
2367,1,27,4,1,1,1,2,1,4,2,2,2,2,5,6,2
2368,1,62,4,1,2,2,2,1,2,2,1,1,2,2,7,5
2371,1,55,5,1,1,2,2,1,7,2,1,1,5,4,5,5
2374,1,45,5,1,2,4,2,1,4,2,2,2,4,4,5,5
2376,1,51,3,1,2,3,2,2,7,2,3,3,3,2,8,3
2380,1,17,2,1,0,1,1,2,4,2,3,3,3,3,6,2
2383,1,60,5,2,3,3,1,3,5,2,3,3,2,3,5,3
2385,1,50,2,2,1,4,2,1,5,2,3,3,2,3,6,3
2405,1,70,1,3,2,2,2,4,7,2,2,3,2,3,1,4
2414,1,43,5,2,2,2,2,2,3,2,3,3,3,2,7,3
2421,2,59,1,3,0,2,2,2,7,2,2,3,4,3,2,3
2426,1,48,2,3,1,1,2,2,2,2,3,3,2,3,7,5
2428,1,30,4,2,1,3,1,2,6,2,2,2,2,3,5,4
2436,1,34,2,3,1,1,2,2,0,2,4,4,1,2,5,2
2439,1,20,3,2,1,5,2,2,5,2,3,3,5,4,6,2
2444,1,34,3,2,1,2,2,4,2,2,2,1,1,5,5,3
2446,2,37,3,2,1,1,2,2,4,2,3,1,2,3,5,2
2450,1,45,1,3,1,2,2,2,0,2,2,1,2,1,4,3
2455,1,34,3,2,1,1,2,3,5,2,3,3,4,4,7,4
2482,1,69,1,2,0,2,2,2,8,2,2,4,4,1,6,2
2483,1,35,1,1,1,2,2,1,8,2,4,2,4,2,1,2
2484,1,43,3,2,2,3,2,1,5,2,2,2,2,3,7,4
2498,2,39,2,2,2,3,2,3,7,2,2,2,4,2,3,4
2503,1,34,5,1,2,2,1,2,4,2,3,3,4,2,5,4
2504,2,76,5,2,2,2,1,3,9,2,2,2,5,5,8,5
2511,1,38,2,2,1,2,1,1,4,2,3,3,1,1,8,1
2512,1,19,3,1,1,2,2,1,2,2,2,2,4,4,6,4
2515,2,51,3,1,2,3,2,2,5,2,2,2,4,3,5,4
2517,1,27,5,1,1,2,2,1,8,2,1,1,2,4,6,4
2519,1,40,5,1,2,3,2,2,4,2,1,1,4,3,6,4
2525,1,27,4,2,1,1,2,1,0,2,1,1,4,4,0,4
2541,2,46,3,3,1,2,2,4,4,2,3,4,2,1,2,3
2544,1,82,2,2,2,2,2,2,8,2,3,3,4,1,5,3
2546,2,56,1,2,0,2,2,1,5,2,2,2,3,1,2,4
2547,2,51,1,1,1,1,2,1,5,2,3,3,2,1,3,3
2555,1,40,1,1,3,2,2,2,3,2,2,2,1,1,7,3
2557,2,56,1,3,0,1,2,1,2,2,2,2,1,4,9,4
2562,2,21,5,1,2,3,2,2,1,2,1,1,3,3,4,5
2570,1,45,5,1,2,3,2,1,2,2,1,1,4,2,5,5
2573,1,57,2,2,2,3,2,1,5,2,1,1,4,1,7,4
2580,2,55,3,3,1,3,2,2,5,2,2,3,2,1,10,2
2584,1,25,1,2,0,2,1,1,1,2,1,2,1,4,1,4
2586,1,43,5,1,1,1,2,2,6,2,1,1,4,4,3,4
2602,2,40,5,2,1,1,2,2,5,2,2,2,2,2,3,4
2603,2,89,2,1,2,4,2,2,7,2,2,2,2,3,7,3
2606,1,50,5,2,1,2,2,2,6,2,1,1,2,2,3,4
2610,2,80,1,3,2,2,2,1,10,2,2,2,2,3,7,3
2614,1,68,1,3,1,2,2,1,1,2,3,3,3,4,5,3
2615,1,27,5,2,1,2,2,1,5,2,3,3,2,1,8,3
2618,2,72,3,2,6,6,2,4,0,2,1,1,3,5,8,5
2620,1,28,2,2,1,3,2,1,3,2,3,3,1,3,5,4
2624,2,84,1,2,1,7,2,1,3,2,1,1,5,2,3,4
2625,1,43,2,2,1,0,2,1,5,2,2,2,3,2,3,3
2631,1,38,2,2,1,1,2,1,2,2,2,2,2,1,3,4
2634,2,25,3,2,1,2,2,3,5,2,2,2,4,4,7,5
2636,1,74,1,4,1,2,2,1,0,2,1,2,2,2,1,2
2639,1,75,1,1,0,2,2,3,3,2,3,1,2,4,5,4
2641,1,50,5,1,1,2,2,2,2,2,2,2,4,1,5,4
2642,1,36,5,1,2,2,1,2,5,2,1,1,5,2,10,5
2643,2,82,1,2,1,3,2,2,5,2,3,3,2,4,2,3
2644,1,29,3,1,1,1,2,2,0,2,2,1,2,4,3,4
2646,2,63,1,2,0,5,2,2,5,2,1,3,2,2,7,4
2647,1,53,3,2,2,3,2,2,6,2,3,3,2,2,5,4
2650,1,36,5,1,1,2,2,1,7,2,3,3,2,2,5,2
2669,1,23,4,2,0,1,1,3,2,2,2,2,2,5,9,5
2677,1,50,1,3,1,2,1,3,2,2,2,2,2,5,4,3
2687,2,24,3,1,0,2,2,3,5,2,2,2,4,2,7,3
2690,1,68,1,1,1,3,2,2,5,2,3,3,3,3,6,2
2694,2,26,3,2,0,2,2,2,2,2,2,2,2,2,5,3
2699,1,27,4,1,2,3,2,2,5,2,1,1,4,4,4,4
2703,1,56,1,1,1,3,2,2,4,2,3,3,4,2,5,4
2710,1,20,3,2,1,2,2,2,3,2,2,3,4,3,7,4
2720,2,54,3,2,1,2,2,2,5,2,2,2,3,4,0,3
2727,1,29,2,3,1,3,2,3,2,2,2,2,4,3,5,3
2730,2,37,2,2,2,1,2,3,1,2,2,2,4,4,5,3
2751,2,54,4,2,1,4,1,3,5,2,2,4,2,1,0,2
2757,2,67,1,2,1,1,2,2,7,2,3,3,3,3,3,4
2763,2,59,1,2,1,3,1,2,7,2,3,3,2,3,5,3
2764,2,42,5,2,7,1,2,1,5,2,4,3,4,3,5,4
2773,2,42,4,1,2,1,2,1,0,2,3,3,4,5,5,5
2774,1,36,4,2,1,2,2,1,3,2,2,3,3,4,5,3
2779,1,41,4,2,2,3,2,1,5,2,2,2,4,4,5,4
2790,2,36,3,1,2,3,2,1,5,2,1,1,2,4,2,4
2803,2,39,5,2,1,2,2,1,5,2,1,1,2,4,5,5
2814,2,29,5,2,1,1,2,2,4,2,3,3,3,3,7,4
2815,2,16,3,2,1,0,2,4,5,2,3,1,3,3,0,4
2816,2,52,1,2,1,1,2,1,7,2,4,4,3,4,7,4
2818,2,25,5,1,2,4,1,3,3,2,3,2,5,5,6,4
2835,2,75,1,2,1,1,2,2,6,2,2,2,3,3,3,4
2841,1,19,3,1,2,2,2,2,5,2,2,2,2,5,0,4
2845,2,61,3,1,1,2,2,2,6,2,2,2,4,2,2,2
2859,1,71,1,2,1,2,2,1,0,2,3,3,2,4,3,4
2863,1,82,1,2,2,2,2,1,5,2,3,3,2,2,2,3
2866,1,39,3,1,1,2,2,1,0,2,2,3,1,1,1,3
2869,1,38,4,1,1,3,2,1,2,2,3,3,4,4,2,2
2872,2,39,3,1,1,2,1,2,4,2,3,3,4,5,4,1
2873,1,46,3,1,2,2,1,2,3,2,3,3,3,5,7,1
2875,2,40,3,1,1,2,2,2,6,2,3,3,4,5,3,2
2877,1,52,4,1,2,2,1,1,3,2,2,3,4,5,3,1
2879,2,43,2,1,1,2,2,2,6,2,3,3,3,5,3,1
2880,1,52,3,1,2,2,2,2,3,2,2,3,3,5,3,1
2881,2,38,2,1,1,2,2,1,6,2,3,3,3,5,2,2
2884,1,51,3,1,1,1,2,1,3,2,2,2,3,4,3,2
2889,1,44,3,1,1,2,2,1,4,2,3,3,2,5,6,1
2891,2,41,2,1,1,2,2,1,4,2,3,3,3,5,6,2
2892,1,48,5,2,1,2,2,1,3,2,3,3,3,5,6,1
2902,1,37,4,1,1,2,2,1,3,2,3,2,3,5,6,2
2907,1,22,3,2,1,2,2,2,3,2,2,3,4,5,5,2
2910,2,72,3,3,1,2,1,4,0,2,3,3,1,1,0,2
2917,2,57,3,3,0,2,2,2,6,2,3,3,4,4,0,4
2918,2,46,3,1,0,1,2,3,7,2,3,3,2,2,0,4
2921,1,25,4,2,1,2,2,2,1,2,2,2,2,2,3,3
2975,1,63,5,1,2,1,2,1,5,2,2,2,2,2,7,3
2983,1,47,3,2,1,2,2,2,1,2,3,3,3,3,8,3
2984,1,52,5,2,2,2,2,2,0,2,2,2,3,1,5,3
2986,2,21,5,1,0,2,2,2,0,2,3,3,2,2,7,2
2993,1,76,1,2,1,1,1,3,7,2,1,3,1,1,1,2
3006,1,55,1,2,1,1,2,1,0,2,2,2,2,3,7,5
3007,1,53,3,1,2,1,2,2,0,2,1,1,4,5,9,5
3014,2,27,5,2,1,2,1,3,6,2,1,1,2,2,7,5
3018,1,72,2,4,1,3,2,4,5,2,1,1,3,1,3,4
3025,1,22,4,2,2,2,2,2,0,2,2,2,4,1,9,4
3026,2,22,2,3,2,2,1,3,4,2,3,3,1,1,2,3
3027,1,18,4,3,0,5,1,2,5,2,1,1,5,2,3,4
3029,1,39,1,3,0,0,2,1,5,2,3,3,1,1,0,2
3030,1,22,2,3,2,1,1,1,2,2,3,3,2,1,5,4
3031,1,34,4,3,1,2,2,2,0,2,1,1,5,2,0,5
3033,1,36,2,3,1,2,2,3,4,2,3,2,2,2,5,4
3035,1,36,4,2,2,3,2,2,0,2,4,4,1,2,0,1
3051,1,46,3,2,1,1,2,1,9,2,1,1,5,3,1,5
3064,1,20,2,2,0,5,2,1,0,2,1,1,2,1,4,4
3077,2,24,3,1,0,0,2,4,4,2,2,2,4,3,4,4
3079,1,32,5,1,1,3,1,2,3,2,1,1,2,4,3,4
3083,2,38,3,2,2,2,2,3,3,2,2,2,2,1,5,4
3100,1,25,5,2,2,3,2,3,1,2,3,3,1,1,5,5
3115,1,65,2,2,2,2,1,2,7,2,1,2,2,4,3,4
3135,1,55,2,2,1,1,1,4,3,2,4,1,2,3,7,5
3136,1,49,5,2,1,3,2,1,5,2,2,2,1,4,5,4
3142,1,72,2,2,2,3,2,1,0,2,2,2,1,1,5,4
3151,1,34,3,2,2,3,2,1,5,2,3,3,2,5,6,4
3168,1,72,1,2,1,2,2,1,7,2,2,3,1,1,9,1
3174,1,37,1,2,2,4,2,2,2,2,3,3,1,1,4,3
3180,1,31,1,1,0,3,2,1,5,2,3,3,3,2,8,1
3237,2,36,5,1,1,0,2,2,4,2,2,2,3,3,0,4
3239,2,41,4,2,0,0,2,2,6,2,3,3,2,4,0,4
3250,1,42,5,2,2,2,2,2,7,2,3,3,3,2,6,5
3261,2,51,5,1,2,2,1,3,1,2,1,1,4,4,2,4
3270,2,53,1,2,0,1,1,3,6,2,2,2,4,3,6,4
3275,1,39,2,2,1,1,2,2,3,2,2,2,5,3,5,4
3285,1,50,3,4,4,4,2,2,2,2,4,4,1,1,2,1
3314,2,57,5,1,1,0,1,3,3,2,3,3,3,3,0,3
3318,2,39,3,1,2,2,2,2,6,2,2,2,4,3,2,4
3330,1,48,1,2,1,0,1,3,6,2,3,3,3,3,1,3
3368,1,25,5,2,1,2,2,1,0,2,3,3,3,3,4,4
3374,1,30,3,2,0,2,1,3,0,2,2,2,2,1,2,1
3398,1,40,5,2,0,1,2,1,4,2,3,3,2,3,0,3
3400,1,25,3,1,1,1,2,2,2,2,2,2,3,3,0,4
3412,1,32,5,2,0,0,2,2,2,2,3,3,3,2,3,4
3417,2,71,2,2,1,0,2,3,7,2,3,3,3,3,3,1
3429,2,32,3,2,1,1,2,2,4,2,3,3,2,3,1,3
3436,2,40,1,2,0,3,1,3,9,1,1,1,4,2,5,5
3438,1,57,5,1,1,2,2,2,6,2,3,3,2,3,3,2
3478,1,86,3,2,1,2,2,2,7,2,4,4,3,2,5,2
3483,2,34,5,1,2,2,2,1,2,2,1,1,1,5,3,5
3493,2,33,4,2,1,2,2,3,3,2,1,1,4,4,6,2
3495,2,26,4,2,1,2,2,2,2,2,2,2,3,2,5,2
3497,1,51,1,3,5,3,2,3,6,2,3,3,1,2,6,2
3516,1,42,3,1,1,0,1,2,2,2,3,3,3,3,3,3
3519,2,69,1,2,0,2,2,1,8,2,2,2,2,3,1,5
3523,1,42,1,4,1,2,2,1,0,2,4,1,1,5,10,5
3534,1,37,3,2,1,2,1,2,1,2,1,1,4,5,8,4
3536,1,41,3,2,1,3,2,2,7,2,1,3,5,5,2,2
3541,1,48,5,1,2,2,2,1,7,2,2,1,2,1,3,4
3545,1,35,3,1,2,2,2,2,3,2,2,2,3,3,2,4
3549,1,40,5,1,2,2,1,2,10,2,2,2,4,1,1,3
3551,2,38,5,1,2,2,1,2,6,2,2,2,2,2,3,3
3552,1,19,4,1,1,2,2,1,3,2,2,2,4,2,2,4
3556,2,36,5,1,1,2,1,2,5,2,2,2,4,3,5,3
3557,2,69,1,1,1,2,2,2,8,2,2,2,4,2,5,4
3558,2,42,5,1,1,2,1,2,7,2,2,2,2,2,2,4
3559,2,21,5,1,2,2,2,2,5,2,2,2,4,2,1,4
3563,2,48,3,1,1,1,2,1,5,2,2,2,4,3,1,4
3595,2,51,2,2,1,4,2,2,4,2,2,2,4,3,7,4
3601,1,23,4,1,1,2,1,1,5,2,3,1,1,3,1,5
3610,1,56,1,2,1,4,2,3,7,2,2,2,2,3,2,4
3614,2,35,4,1,2,2,2,1,6,2,2,3,2,2,1,4
3623,1,52,1,2,1,2,2,1,5,2,2,2,3,2,2,3
3630,2,68,1,2,0,2,2,1,8,2,2,2,2,3,3,4
3642,1,54,5,1,1,2,2,1,7,2,1,1,4,4,8,5
3654,2,19,2,2,1,2,2,3,7,2,1,1,4,4,1,2
3674,2,39,5,1,1,1,2,2,3,2,3,3,2,4,1,4
3675,1,18,3,2,1,2,2,2,4,2,2,2,3,3,2,3
3676,2,44,1,2,1,2,2,1,4,2,3,3,2,2,2,2
3677,1,79,1,2,2,2,2,2,2,2,2,2,2,2,3,4
3679,1,42,5,2,0,1,2,2,5,2,2,2,2,2,5,2
3697,1,37,5,2,1,2,2,1,6,2,1,1,2,2,2,3
3699,1,43,1,1,3,3,2,3,3,2,3,3,1,1,5,2
3702,1,35,5,2,1,1,2,2,5,2,2,3,2,4,5,4
